mat-no,price-per-unit,pieces-per-pack,suggested-mat-no,name,url,summary,variants-info,thumbnail,thumbnail-2x,vector,size,variant,category,colour,subtitle
907219,144,144,907219,Rose Flat Back,/Rose-Flat-Back-907219/p,22 variants,22 variants,/medias/907219-SWPMATERIAL-FVPL-120x120.png?context=bWFzdGVyfGltYWdlc3w0MTM2fGltYWdlL3BuZ3xpbWFnZXMvaGRiL2hhYi84OTgyNjEwMzc4NzgyLnBuZ3w3YmUzY2I0NjcwMGRjZTNmMDlhZjg5MTdlMmM4NGJiZTVmNzcwZGFlZGRhNTI0YjJmMDQ2MGZkNDZmMWIwM2E0,/medias/907219-SWPMATERIAL-FVPL-240x240.png?context=bWFzdGVyfGltYWdlc3wxMDQzNHxpbWFnZS9wbmd8aW1hZ2VzL2gzMi9oNmYvODk4MjYxMDUwOTg1NC5wbmd8ZTA2YTFlMmJlZjFlMWMzYzEzYjRhMWMyODg0MmZjZjM2MWNhNWY2NjFiOGQ4YmE3YmFkMTg0ZGJmMDg5MmE2Mg,/medias/907219-SWPMATERIAL-LD-VEC.svg?context=bWFzdGVyfGltYWdlc3w3MTA2fGltYWdlL3N2Zyt4bWx8aW1hZ2VzL2g3YS9oYTcvODk4MjYxMTAwMTM3NC5zdmd8NGVlYTUzYTUwYTBjNjdmNzIxNGQ5ZmViMjg1NWU0YTc1ZWVkNDA5MmFlMzJhOTI1NTJiMTJhNTA1ZmMyMWE0Mg,7.17 mm SS 34,Caribbean Blue Opal/Aluminium Foiling,Flat Backs Hotfix,Caribbean Blue Opal,Rose Flat Back
880022,144,144,880022,Rose Flat Back,/Rose-Flat-Back-880022/p,22 variants,22 variants,/medias/880022-SWPMATERIAL-FVPL-120x120.png?context=bWFzdGVyfGltYWdlc3wyMDA5fGltYWdlL3BuZ3xpbWFnZXMvaGU3L2g3Zi84OTgyNjA4ODcxNDU0LnBuZ3xmYzBkMjNlYTY0YThiMmRiY2EwNGNjNDM0MDAxNDUzOGI0N2MwNTY0MmVmNzhmZWU0YzRhNDY3Y2U4M2E2MDE3,/medias/880022-SWPMATERIAL-FVPL-240x240.png?context=bWFzdGVyfGltYWdlc3w0MTUxfGltYWdlL3BuZ3xpbWFnZXMvaDFhL2g4Ny84OTgyNjA5MDAyNTI2LnBuZ3xmM2ZhYTMxM2VlMzk0MmJhYjJlYmI4NTc3NTRlMGE2NjMyNTU3NWRmYzhhYzY3OTE5MzIyM2ZjY2NmZjliNGM3,/medias/880022-SWPMATERIAL-LD-VEC.svg?context=bWFzdGVyfGltYWdlc3w3MTA2fGltYWdlL3N2Zyt4bWx8aW1hZ2VzL2hhNS9oZTIvODk4MjYwOTQ5NDA0Ni5zdmd8MzhjN2M2M2MwYTg2OWI5ZTYzOTk0Y2VhNTk1NzRhZWJjMzYxMWZlMTUyYzkxZDlhNTFkMjFiNzU2NzQxM2M2Yw,7.17 mm SS 34,Chalkwhite/Aluminium Foiling,Flat Backs Hotfix,Chalkwhite,Rose Flat Back
1168248,144,144,1168248,Rose Flat Back,/Rose-Flat-Back-1168248/p,22 variants,22 variants,/medias/1168248-SWPMATERIAL-FVPL-120x120.png?context=bWFzdGVyfGltYWdlc3w2Nzc4fGltYWdlL3BuZ3xpbWFnZXMvaDQ4L2g2OC84OTgyMTkyMTI4MDMwLnBuZ3xjM2ZkMTAyZTBhNWE0NTE0ZjViMmQyZjJhMGVkZWYwZjNkYzc5NDI0NjUwMWQ1YjgzYjI0NGE2MjI4Zjk1ZTg5,/medias/1168248-SWPMATERIAL-FVPL-240x240.png?context=bWFzdGVyfGltYWdlc3wxNzIzNHxpbWFnZS9wbmd8aW1hZ2VzL2g2Zi9oMjkvODk4MjE5MjI1OTEwMi5wbmd8N2MzZGY2MWU3YTVlMTRjYzNhNTc5ZGQ1ZWUzZDYwNzFiODY0NWEwOGRjOWUwNTU1ZmJjMzE4ZjE2YmMxOTAzMA,/medias/1168248-SWPMATERIAL-LD-VEC.svg?context=bWFzdGVyfGltYWdlc3w3MTA2fGltYWdlL3N2Zyt4bWx8aW1hZ2VzL2g0YS9oN2UvODk4MjE5Mjc1MDYyMi5zdmd8OTllNzk2NzFmODlmYjMyMDM5YzAzZWYyOGM3MjllOTA5ODM4NGU2OWY0OTE0OWZmNjNkNGY1MmNiZDRkYTlmZg,7.17 mm SS 34,Crystal Blue Shade/Aluminium Foiling,Flat Backs Hotfix,Crystal Blue Shade,Rose Flat Back
5017849,144,144,5017849,Rose Flat Back,/Rose-Flat-Back-5017849/p,22 variants,22 variants,/medias/5017849-SWPMATERIAL-FVPL-120x120.png?context=bWFzdGVyfGltYWdlc3w1ODk0fGltYWdlL3BuZ3xpbWFnZXMvaDA2L2g0My84OTgyMjAxODkyODk0LnBuZ3wxZmQ2NWNjYWQwOTljMWQ2NjVlN2EwYjE2MWY5OGY2YzQ1ODU4ZTBiNDMxMjhiNzI3Y2I2ZjVlMDFkZWM2NjBj,/medias/5017849-SWPMATERIAL-FVPL-240x240.png?context=bWFzdGVyfGltYWdlc3wxMzYxMHxpbWFnZS9wbmd8aW1hZ2VzL2hmOC9oYjUvODk4MjIwMjAyMzk2Ni5wbmd8MjAzNWNkYWM5YTg2MmU4ZTQ4NzQwMWZlZjFhYmMzMzcwZWQzNDRjMTM2MWNmNTIzNzI5MjQxMjViZWIyOTkxNw,/medias/5017849-SWPMATERIAL-LD-VEC.svg?context=bWFzdGVyfGltYWdlc3w3MTA2fGltYWdlL3N2Zyt4bWx8aW1hZ2VzL2hhNy9oYWQvODk4MjIwMjUxNTQ4Ni5zdmd8OTBlMmQ2NDk3YTQ0NTQ4YTc1YTU3NWQ5NzE0ZjFiMGVjNzA2YWUxMzIyNjUxMTNjMTgwNGJmNjJhOWUwNjY4OQ,7.17 mm SS 34,Crystal Lilac Shadow/Aluminium Foiling,Flat Backs Hotfix,Crystal Lilac Shadow,Rose Flat Back
667919,144,144,667919,Rose Flat Back,/Rose-Flat-Back-667919/p,22 variants,22 variants,/medias/667919-SWPMATERIAL-FVPL-120x120.png?context=bWFzdGVyfGltYWdlc3wzMTY1fGltYWdlL3BuZ3xpbWFnZXMvaGU5L2hiOS84OTgyNTk3MTQwNTEwLnBuZ3xlOWE2NzhiOTg2MDQ2YzA2MjkxNjA0MzQ5NzRjZjE3OGY1MzQzMzZkZjY0OTlkMmVlODZhNzkyOGY4ZDQ1NWIw,/medias/667919-SWPMATERIAL-FVPL-240x240.png?context=bWFzdGVyfGltYWdlc3w2NTE5fGltYWdlL3BuZ3xpbWFnZXMvaDBhL2hmYy84OTgyNTk3MjcxNTgyLnBuZ3wwZmU3NjdjNTJjYTA2MjZkMTJlODdmZjFmNWQ5M2I5Y2UwNzc4YTJhMWVmYWM2ZGFlY2UxMDdhNTE0Y2RmOTE5,/medias/667919-SWPMATERIAL-LD-VEC.svg?context=bWFzdGVyfGltYWdlc3w3MTA2fGltYWdlL3N2Zyt4bWx8aW1hZ2VzL2hhZi9oYmMvODk4MjU5Nzc2MzEwMi5zdmd8NmI4MWRhZjRkMTUzMzFjMzgzNDQzMGExOGMyZmZjZjA1ZDZjZDg0MzQ3ZDlkOThhYTA0OGZjYjM2Y2NlNmI1OQ,7.17 mm SS 34,Crystal Metallic Blue/Aluminium Foiling,Flat Backs Hotfix,Crystal Metallic Blue,Rose Flat Back
845257,144,144,845257,Rose Flat Back,/Rose-Flat-Back-845257/p,22 variants,22 variants,/medias/845257-SWPMATERIAL-FVPL-120x120.png?context=bWFzdGVyfGltYWdlc3w1ODA5fGltYWdlL3BuZ3xpbWFnZXMvaDRiL2g1Ni84OTgyNjA0NzA5OTE4LnBuZ3wwNDY3OTgzOWNkY2RhYjg0ZTI1ZmE3ZjIxMWUxZmE1ZDU2ZDlkMDgxZjY2MTk2ZTc5ZGM4YmJjMmM0ZDE0NTUz,/medias/845257-SWPMATERIAL-FVPL-240x240.png?context=bWFzdGVyfGltYWdlc3wxMzUzMHxpbWFnZS9wbmd8aW1hZ2VzL2g2Ny9oNTIvODk4MjYwNDg0MDk5MC5wbmd8YmJjMWNjOTYzYjY2ZDg4MWMzYTQwNTFlNmIxZWZlNGUwMWE2YmE1ZTJiOGEyYmE4Zjk0YjA1OWI1NzJlZWQ4Nw,/medias/845257-SWPMATERIAL-LD-VEC.svg?context=bWFzdGVyfGltYWdlc3w3MTA2fGltYWdlL3N2Zyt4bWx8aW1hZ2VzL2gwMC9oMDEvODk4MjYwNTMzMjUxMC5zdmd8NGE3MTVhYjc0ZTE5NzMyODQ1MWM0OTgxN2RiYzhjNDNkZTcyNWIxMmEyNTMxYmZkMzMzMmM0YmQ3Y2U5NzEzYg,7.17 mm SS 34,Purple Velvet/Aluminium Foiling,Flat Backs Hotfix,Purple Velvet,Rose Flat Back
1162194,144,144,1162194,Ringed Rose,/Ringed-Rose-1162194/p,2 variants,2 variants,/medias/1162194-SWPMATERIAL-FVPL-120x120.png?context=bWFzdGVyfGltYWdlc3wxMTE5N3xpbWFnZS9wbmd8aW1hZ2VzL2g4Mi9oYjIvODkyNzIzNDQ5MDM5OC5wbmd8NzJhY2Y4ODlhYTJmMWY5YjlmMjUzNGQwMmU5MTI3NzhkMjhhNjgyNjM1OTRlNmI4NWE2NmYxNjYxZjExMzBmMw,/medias/1162194-SWPMATERIAL-FVPL-240x240.png?context=bWFzdGVyfGltYWdlc3wzMzgzOHxpbWFnZS9wbmd8aW1hZ2VzL2g5ZC9oNmQvODkyNzIzNDU1NTkzNC5wbmd8NGJmZjA4MjQ4N2Q0MGQ4Mzg5Y2U5MTU0NWNkYzY3MGEyZjUwNGI2MDVmZmZiMzcxM2IxZWEwN2Q1MzQ5ODJjOA,/medias/1162194-SWPMATERIAL-LD-VEC.svg?context=bWFzdGVyfGltYWdlc3w3NjE4fGltYWdlL3N2Zyt4bWx8aW1hZ2VzL2hhMi9oNzYvODkxOTgwMDI4MzE2Ni5zdmd8MjgxNzI0Yjk2MDI5YjBlYmMyNDJkZmRiYzcxYTlhOWI0NWNjZGQ1ZmIwMDc0MTVkYmExZjczMmZhYzEwY2Y3Ng,7.17 mm SS 34,Crystal/Silver Foiling,Flat Backs Hotfix,Crystal,Ringed Rose
1162214,144,144,1162214,Ringed Rose,/Ringed-Rose-1162214/p,2 variants,2 variants,/medias/1162214-SWPMATERIAL-FVPL-120x120.png?context=bWFzdGVyfGltYWdlc3w4ODQxfGltYWdlL3BuZ3xpbWFnZXMvaDFlL2g4Zi84OTI3MjM1MDgwMjIyLnBuZ3wyYTZlMjZmM2ZmZmZjMzgzMWY3OGEwZGY5Zjc2MWNhZDMwMTVkY2EwYjhhODZjOTIzZmMyMzhmOTRlZWExNjFj,/medias/1162214-SWPMATERIAL-FVPL-240x240.png?context=bWFzdGVyfGltYWdlc3wyMzI0N3xpbWFnZS9wbmd8aW1hZ2VzL2gzZS9oMDAvODkyNzIzNTE0NTc1OC5wbmd8NDlhNzY0YzUzOTUxNWM0OWQ0ZTBhZTU5MWI3YjIxZjEwNjJmMDRhZDU3YTkzMDg2Njk1NGY3NWE5ZTM4NWZmNQ,/medias/1162214-SWPMATERIAL-LD-VEC.svg?context=bWFzdGVyfGltYWdlc3w3NjE4fGltYWdlL3N2Zyt4bWx8aW1hZ2VzL2g2Yi9oYTQvODkxOTgwMDQxNDIzOC5zdmd8YzljY2UzNjlmYWE2MTBmYjZiODUyNDc3YzYwZTkzOTAyOTE0NzYxYTg1ZTgyZTU2YjliZjIzNWIxYjFjNzRiMA,7.17 mm SS 34,Jet Hematite/Silver Foiling,Flat Backs Hotfix,Jet Hematite,Ringed Rose
1125928,144,144,1125923,Cabochon,/Cabochon-1125923/p,3 sizes & 26 colors/effects,26 colors/effects,/medias/1125923-SWPMATERIAL-FVPL-120x120.png?context=bWFzdGVyfGltYWdlc3w5NDM5fGltYWdlL3BuZ3xpbWFnZXMvaDRmL2hjZi84OTgyMTc0NzYwOTkwLnBuZ3xhZmRiOWJjM2FjNmI4NGNlODAyYjFmOGQzYjM4OThkNWZiNTA4NWFmYzliZDg4YTZmOGVhYjg0ZWI4Mzc2M2Vj,/medias/1125923-SWPMATERIAL-FVPL-240x240.png?context=bWFzdGVyfGltYWdlc3wyODk5MXxpbWFnZS9wbmd8aW1hZ2VzL2gyZC9oNzAvODk4MjE3NDg5MjA2Mi5wbmd8OTk3OGE3Y2E5Nzk2ZDIwZjE0NjRmOGMyMDQwYmQwNjQ4YzljNzQ5YWYwOGU1MzY5MzE5ZTAzMzMyNmVhNjBkNQ,/medias/1125923-SWPMATERIAL-LD-VEC.svg?context=bWFzdGVyfGltYWdlc3w0MTYzfGltYWdlL3N2Zyt4bWx8aW1hZ2VzL2hkYi9oMzEvODk4MjE3NTM4MzU4Mi5zdmd8NWVkMWY5YzExMDA1NDg0MmM4Y2U0OTNjMjJjNDJkNTdlMmUwYmM3M2I4YTY4MzA1YjY5ZGNjOWEyMGJjZjBhYw,3.90 mm SS 16,Crystal Lavender Pearl/Unfoiled,Flat Backs Hotfix,Crystal Lavender Pearl,Cabochon
1188026,144,144,1188001,Pure Leaf Flat Back,/Pure-Leaf-Flat-Back-1188001/p,3 sizes & 4 colors/effects,4 colors/effects,/medias/1188001-SWPMATERIAL-FVPL-120x120.png?context=bWFzdGVyfGltYWdlc3w1NjA1fGltYWdlL3BuZ3xpbWFnZXMvaDM0L2hlZC84OTI3NDMzNTU1OTk4LnBuZ3w5MGY2NDFlMzEyNzc3YThmODY5MTBmMzhjMjVlYzdiNmUzMTA0M2QxYTdhYzVjZDUxZjhjNGU0OGJjN2ZiNjhl,/medias/1188001-SWPMATERIAL-FVPL-240x240.png?context=bWFzdGVyfGltYWdlc3wxMTgwNXxpbWFnZS9wbmd8aW1hZ2VzL2g5ZC9oODYvODkyNzQzMzYyMTUzNC5wbmd8YjAxNmNlNTFmMmNlMjlkMjgyYmNkNzVjYjM2YmEzYTA5Zjc5MTg3ZDk0ZGFlY2EwYWNiNGE4ZTMyMWZmZjVkZg,/medias/1188001-SWPMATERIAL-LD-VEC.svg?context=bWFzdGVyfGltYWdlc3wyOTA2fGltYWdlL3N2Zyt4bWx8aW1hZ2VzL2g4MC9oNjkvODkxOTg5MDAwMTk1MC5zdmd8Y2RlZDI5Nzc0NGI3NmMwNmYwMmRkOTRmY2EwM2FmNjMxMTgwNTMwNDk5N2UwZWRkZTVhYTJhZGNmNWJlNDlkNg,6.00x4.80 mm,Jet/Aluminium Foiling,Flat Backs Hotfix,Jet,Pure Leaf Flat Back
1089435,144,144,1089435,Cosmic Flat Back,/Cosmic-Flat-Back-1089435/p,1 sizes & 1 colors/effects,1 colors/effects,/medias/1089435-SWPMATERIAL-FVPL-120x120.png?context=bWFzdGVyfGltYWdlc3w3ODg3fGltYWdlL3BuZ3xpbWFnZXMvaDNiL2hiMS84OTI2ODUxODkxMjMwLnBuZ3w1ZTYwODM3YTJlMjdjY2MyOTgxMWQyZTFiZDY1MmFlZmFiOWI3NGFmM2ViOTkzM2NlNGY5MWY1ZTg0ZGYzODA4,/medias/1089435-SWPMATERIAL-FVPL-240x240.png?context=bWFzdGVyfGltYWdlc3wxOTM0NnxpbWFnZS9wbmd8aW1hZ2VzL2g1Yi9oMjIvODkyNjg1MTk1Njc2Ni5wbmd8NjVhM2Q0NGU4OWUwYjM3MmUwN2U2YzBiYmI2ZGJiNGVlMTYxNGVkYTY4MTFlNTNkODBmMjllYTJiZTJkYjE1Yw,/medias/1089435-SWPMATERIAL-LD-VEC.svg?context=bWFzdGVyfGltYWdlc3wyNDEyfGltYWdlL3N2Zyt4bWx8aW1hZ2VzL2gxZC9oMjUvODkxOTY2OTQwNzc3NC5zdmd8OWMwYmM4YjU5ZTAzN2IwYTc3NjQyMjNiODY4MzJlNTQyOWVmZjU3ZGZkZGVhN2VkMmE5NGZlMTE1MmJlZGQxNQ,10.00x8.00 mm,Crystal Copper/Aluminium Foiling,Flat Backs Hotfix,Crystal Copper,Cosmic Flat Back
1136520,144,144,1136507,Graphic Flat Back,/Graphic-Flat-Back-1136507/p,3 sizes & 5 colors/effects,5 colors/effects,/medias/1136507-SWPMATERIAL-FVPL-120x120.png?context=bWFzdGVyfGltYWdlc3w4MjY1fGltYWdlL3BuZ3xpbWFnZXMvaGU4L2g2OC84OTI3MDM0NDQxNzU4LnBuZ3xlZjUxYTIxYWRhNjhlYjQ2OGU2M2Y1OWQ1NzdlNjQ1MGE0ZGRjMWJlODA1MjMyNDE1ZmIxNzA0MjJmOGQ1OTQy,/medias/1136507-SWPMATERIAL-FVPL-240x240.png?context=bWFzdGVyfGltYWdlc3wyMTU4OHxpbWFnZS9wbmd8aW1hZ2VzL2hiMi9oNDcvODkyNzAzNDUwNzI5NC5wbmd8ODA2NzJjNDM1ZmIwMDk3OTNiMzEyMWNiMDkyZDA5ZDQ3MDY2ODE3ODM3YTYxNWNjNmM3MjJiMWY5MDU3MDY0YQ,/medias/1136507-SWPMATERIAL-LD-VEC.svg?context=bWFzdGVyfGltYWdlc3w4Nzg0fGltYWdlL3N2Zyt4bWx8aW1hZ2VzL2gxOS9oNDQvODkxOTczNTkyNjgxNC5zdmd8YmU3OTg5NjMzOWEyZTZiYTg5OWVjNzdhMzA2MWNjNzkxYzY2OWMyZmJmN2NlODA5NzcwN2Q1NTU5ZTU5ZjUxMw,10.00 mm,Black Diamond/Aluminium Foiling,Flat Backs Hotfix,Black Diamond,Graphic Flat Back
1136512,144,144,1136512,Graphic Flat Back,/Graphic-Flat-Back-1136512/p,3 sizes & 5 colors/effects,5 colors/effects,/medias/1136512-SWPMATERIAL-FVPL-120x120.png?context=bWFzdGVyfGltYWdlc3w2MjM5fGltYWdlL3BuZ3xpbWFnZXMvaGY4L2hkMy84OTI3MDM1MDMxNTgyLnBuZ3w4MWYyNjQwYjNjOWViODVjYmNjYWI3ODM2ZWRkNjE1YTg4OGQ5M2U0ZGM0OTA0ODllNTRjOGFjMjI1NjcwOWFj,/medias/1136512-SWPMATERIAL-FVPL-240x240.png?context=bWFzdGVyfGltYWdlc3wxNDUzNHxpbWFnZS9wbmd8aW1hZ2VzL2hhMS9oYzAvODkyNzAzNTA5NzExOC5wbmd8OWMzOGU1NzY1MWRhOGZiMjgwYTJhNjM5N2Y5YmE4MDY1YzY4MDBjZTEwZTNmMzRjOGMwYTBjN2ZlYTMwZjM4NA,/medias/1136512-SWPMATERIAL-LD-VEC.svg?context=bWFzdGVyfGltYWdlc3wyNTQxfGltYWdlL3N2Zyt4bWx8aW1hZ2VzL2hmYS9oZTIvODkxOTczNTk5MjM1MC5zdmd8MzUwNzJhNWQxODVlNGQ0ZTM1NTk1YzE5ZTliODU2NjM4MzU3ZmZmOGYyZjVmMmQ2OTAxN2M0NTM0MGMyNzYwOA,14.00 mm,Crystal Aurore Boreale/Aluminium Foiling,Flat Backs Hotfix,Crystal Aurore Boreale,Graphic Flat Back
1095011,144,144,1095011,Graphic Flat Back,/Graphic-Flat-Back-1095011/p,3 sizes & 5 colors/effects,5 colors/effects,/medias/1095011-SWPMATERIAL-FVPL-120x120.png?context=bWFzdGVyfGltYWdlc3w3NjI5fGltYWdlL3BuZ3xpbWFnZXMvaDg1L2gyNi84OTI2ODc0ODYxNTk4LnBuZ3w0ZjNiNzAzOWE5M2NlNGQyNjk3YTc3ZTY5NmIxNTQ1M2RiYmI0NzQzNWY0NWMzZmZiNjUwNWNlNGMwNzZiYWQ2,/medias/1095011-SWPMATERIAL-FVPL-240x240.png?context=bWFzdGVyfGltYWdlc3wxODM0NXxpbWFnZS9wbmd8aW1hZ2VzL2g2NS9oOGYvODkyNjg3NDkyNzEzNC5wbmd8NWE4MzhjNjUxZTQ0NzZmMTAyNmY3ZjljMjI0YzllNTk0ZjE4ZjQyOTQ3OTAxNzliYmMzNDcxODg4NzU2ZGZiZA,/medias/1095011-SWPMATERIAL-LD-VEC.svg?context=bWFzdGVyfGltYWdlc3wyNTQxfGltYWdlL3N2Zyt4bWx8aW1hZ2VzL2hmNS9oM2UvODkxOTY3ODUxNzI3OC5zdmd8ODcyOTljMzNjYzNiOWMyZTc1YzJhZjZhYWQ4OWZkYTRkMjE1MjkzNmY2YjdiM2ZlZTI4YjZiODZiODg1MWE2Ng,14.00 mm,Crystal Red Magma/Aluminium Foiling,Flat Backs Hotfix,Crystal Red Magma,Graphic Flat Back
1136515,144,144,1136481,Graphic Flat Back,/Graphic-Flat-Back-1136481/p,3 sizes & 5 colors/effects,5 colors/effects,/medias/1136481-SWPMATERIAL-FVPL-120x120.png?context=bWFzdGVyfGltYWdlc3w1Nzc0fGltYWdlL3BuZ3xpbWFnZXMvaDFhL2hjMi84OTI3MDMwMzEyOTkwLnBuZ3w2MzdjYzQ1YzE4Nzg2Y2JiMThiNzJhMTZlNThkOGQ5NGE0NTkxZDg1MWJmN2NhZjZiNzJkMWFkYTFhZTg1ZDlh,/medias/1136481-SWPMATERIAL-FVPL-240x240.png?context=bWFzdGVyfGltYWdlc3wxMjk1NXxpbWFnZS9wbmd8aW1hZ2VzL2hjMy9oYWUvODkyNzAzMDM3ODUyNi5wbmd8NGQ3YzA1YzRmOTJkN2MzYTNjZDMyNTAyMGQ1M2M4NjA5N2RjNzJlNmFkY2IwMTVlYTk4YTdmZWRlYWNkODBhYw,/medias/1136481-SWPMATERIAL-LD-VEC.svg?context=bWFzdGVyfGltYWdlc3w3NTAxfGltYWdlL3N2Zyt4bWx8aW1hZ2VzL2hhMy9oMTAvODkxOTczNTQwMjUyNi5zdmd8MzIwY2JmMzNjYjk1M2NmODQ1NjE1ODNjMjU5NmFjN2U0MTgwYzg2NGM2OGIwYmIwNTY4NmZlNGQxZjMxZTc1Yw,8.00 mm,Jet/Aluminium Foiling,Flat Backs Hotfix,Jet,Graphic Flat Back
1020492,96,96,1020483,Chessboard Flat Back,/Chessboard-Flat-Back-1020483/p,3 sizes & 9 colors/effects,9 colors/effects,/medias/1020483-SWPMATERIAL-FVPL-120x120.png?context=bWFzdGVyfGltYWdlc3w3OTkyfGltYWdlL3BuZ3xpbWFnZXMvaDhjL2gzMi84OTI2NjgyMDIxOTE4LnBuZ3xmYjE5MTdiODA0MDAzODZiMmUyMmQ0ZjZmYTEwNDkyZWI3YmM1ZDExMWYwNTEzMDc0MzZkNDQzNDU2ZTUxNmI2,/medias/1020483-SWPMATERIAL-FVPL-240x240.png?context=bWFzdGVyfGltYWdlc3wxNzM0NnxpbWFnZS9wbmd8aW1hZ2VzL2g5MS9oNjQvODkyNjY4MjA4NzQ1NC5wbmd8MGY1MjAxMDc5ZWNiZTZjYjBjOWJiNTlhYWEyZTgwNjBkYTg4ZmY0NDQzMmE3OWQxMzE0Zjg1NGEwMWMxMGJkOQ,/medias/1020483-SWPMATERIAL-LD-VEC.svg?context=bWFzdGVyfGltYWdlc3wyMzE3MXxpbWFnZS9zdmcreG1sfGltYWdlcy9oZDkvaGE0Lzg5MTk0Nzc2NDk0Mzguc3ZnfDg3N2NkNDFlNGJmMjk3Yjk4ZTYzNzc1MmMzYjQyOWUwY2E4ZWFiZDNiYTZiZjY1YzA3OWVlZjAxODBjOGUxYTk,10.00 mm,Crystal Silver Shade/Aluminium Foiling,Flat Backs Hotfix,Crystal Silver Shade,Chessboard Flat Back
1078644,72,72,1078644,Eclipse Flat Back,/Eclipse-Flat-Back-1078644/p,2 sizes & 3 colors/effects,3 colors/effects,/medias/1078644-SWPMATERIAL-FVPL-120x120.png?context=bWFzdGVyfGltYWdlc3w0MTY2fGltYWdlL3BuZ3xpbWFnZXMvaGJjL2hhNS84OTI2ODExNDU1NTE4LnBuZ3w1ZmMyY2U3MGM3ZmFiY2M4MGEzMzQ5ZDA3ODdhMjgyOWNmYjZjZWU2ZGNkNDRlMGQ1ZjFkYzE4NzJlOWIyZTAz,/medias/1078644-SWPMATERIAL-FVPL-240x240.png?context=bWFzdGVyfGltYWdlc3w5MzQzfGltYWdlL3BuZ3xpbWFnZXMvaDFjL2gyZS84OTI2ODExNTIxMDU0LnBuZ3wxYjNkYmE1YWRjZDc4Y2VlMmI1ZWQ2YWIwOTdiZTQwMzM4YTMwNjEwM2NhZmI5OTNjMzhlYmJhYWVlMzY2OTM5,/medias/1078644-SWPMATERIAL-LD-VEC.svg?context=bWFzdGVyfGltYWdlc3wyNjkyfGltYWdlL3N2Zyt4bWx8aW1hZ2VzL2gxYi9oY2EvODkxOTY1Njk1NTkzNC5zdmd8NTFkYTVhMTNhYzUyMWNmMzI4YTY1NTJlNzNiMmU1MjhlZTE4N2UwYzMzOWE5ZDgzNWE4NjBhOThkODcyMzU1MQ,14.00 mm,Light Rose/Aluminium Foiling,Flat Backs Hotfix,Light Rose,Eclipse Flat Back
1062276,72,72,1062276,Wing Flat Back,/Wing-Flat-Back-1062276/p,3 sizes & 5 colors/effects,5 colors/effects,/medias/1062276-SWPMATERIAL-FVPL-120x120.png?context=bWFzdGVyfGltYWdlc3w1NzA3fGltYWdlL3BuZ3xpbWFnZXMvaDc4L2hmMS84OTI2NzY4MjY3Mjk0LnBuZ3w0MTUxYmViODgzMzVlZGE0OWY5MDVlOWU3MmExNTYyNzIyNmFiNGNhNmNhZWVhNTQ5MGI1ZjBhOTBmNjFjOGJi,/medias/1062276-SWPMATERIAL-FVPL-240x240.png?context=bWFzdGVyfGltYWdlc3wxNDEzOHxpbWFnZS9wbmd8aW1hZ2VzL2g2Yi9oMmIvODkyNjc2ODMzMjgzMC5wbmd8NTQ2NTY5OGY0MzEyZjU1MDY0ZDBlNThjNGY4Y2JjNmU5MTFmODk2MDc4MmQ3MDU1ZDk4NTgyMmIzMzI1YzU1YQ,/medias/1062276-SWPMATERIAL-LD-VEC.svg?context=bWFzdGVyfGltYWdlc3wyMTYzfGltYWdlL3N2Zyt4bWx8aW1hZ2VzL2hhOS9oYzMvODkxOTYzMjcwNzYxNC5zdmd8MTlkNTE2N2Y0ZWJjYzEzOTVmMDk0YWE3ZGRkM2NkYWE1OTQyMWNlNDViZjZlNzU2OWIwNWIwNGI5YzNmMWZmMA,16.00x9.50 mm,Aquamarine/Aluminium Foiling,Flat Backs Hotfix,Aquamarine,Wing Flat Back
1135196,40,40,1135196,Chessboard Circle Flat Back,/Chessboard-Circle-Flat-Back-1135196/p,4 sizes & 7 colors/effects,7 colors/effects,/medias/1135196-SWPMATERIAL-FVPL-120x120.png?context=bWFzdGVyfGltYWdlc3w5MTc5fGltYWdlL3BuZ3xpbWFnZXMvaGMxL2gxNi84OTI3MDIzMjM1MTAyLnBuZ3w4Y2MyYzJiMjQ5ZWU3YzkwNWRmY2M2ODgyZmRiY2YxOTMyZmEwZGQxOTA1Nzc1NzNhOTdlMDY3YTZmYzZiNDBk,/medias/1135196-SWPMATERIAL-FVPL-240x240.png?context=bWFzdGVyfGltYWdlc3wyMzAzMXxpbWFnZS9wbmd8aW1hZ2VzL2hkMi9oOTIvODkyNzAyMzMwMDYzOC5wbmd8Zjg5ZjRmYzE1YjNhNDI4YWZhNDQ1YjBiYjgxMzVhODg3ODAxZTA2MWExY2VhY2U2YWNkNDk2MTA0NTBlNmQwNw,/medias/1135196-SWPMATERIAL-LD-VEC.svg?context=bWFzdGVyfGltYWdlc3wzNzc0fGltYWdlL3N2Zyt4bWx8aW1hZ2VzL2gxNy9oMGEvODkxOTczMjMyMjMzNC5zdmd8ZDBkNGZiNzcwMThkOWMyZmYwZDRjMzY0MzBkMDc4YTQ1MDVjYWVhNmNlYTdmMTYwNzFlNmVjZTc4YjY4MWQyMA,20.00 mm,Crystal Antique Pink/Aluminium Foiling,Flat Backs Hotfix,Crystal Antique Pink,Chessboard Circle Flat Back
1129126,25,25,1129126,Crystal Pearl Large Hole,/Crystal-Pearl-Large-Hole-1129126/p,4 sizes & 48 colors/effects,48 colors/effects,/medias/1129126-SWPMATERIAL-FVPL-120x120.png?context=bWFzdGVyfGltYWdlc3w5MjY1fGltYWdlL3BuZ3xpbWFnZXMvaGZmL2g1OC84OTI2OTk5NzA3Njc4LnBuZ3w2ZmE0ZDllZGIxZTAyNzZhMmI2MzYwZThjNzRlMzMwZGI2MjIxMzFlM2M1ZTQyMDc4ZjA2ZjczZjc0NzVmZmI1,/medias/1129126-SWPMATERIAL-FVPL-240x240.png?context=bWFzdGVyfGltYWdlc3wyODcxNHxpbWFnZS9wbmd8aW1hZ2VzL2g2OC9oODYvODkyNjk5OTc3MzIxNC5wbmd8MmY0NGJlOWYzMzVkZWI3YTk1YzlmZmQ0ZjZjNDhjNDczMjMzNDRjZjNlZWFjNmE4ZDQ0NzMzNjJmNjA5ODM2ZQ,/medias/1129126-SWPMATERIAL-LD-VEC.svg?context=bWFzdGVyfGltYWdlc3wzODc4fGltYWdlL3N2Zyt4bWx8aW1hZ2VzL2g1Mi9oNTEvODkxOTcxNTQ3OTU4Mi5zdmd8OWRjYjUxMjRjMDM4NTgyNTUyNTRkZGJjN2MzOTM2NTYzZTlmZDljMWM0YTU5YjA3YWI2OWE1OGIwNGQ5NTJjMw,16.00 mm,Crystal Light Green Pearl/Large full hole,Crystal Pearls,Crystal Light Green Pearl,Crystal Pearl Large Hole
5015488,18,18,5015488,Cosmic Ring Fancy Stone,/Cosmic-Ring-Fancy-Stone-5015488/p,3 sizes & 8 colors/effects,8 colors/effects,/medias/5015488-SWPMATERIAL-FVPL-120x120.png?context=bWFzdGVyfGltYWdlc3w3NDU2fGltYWdlL3BuZ3xpbWFnZXMvaDIzL2gxZi84OTI3NTUzNDIxMzQyLnBuZ3wwMTllYjIwZTYzOGQ5M2E5NjM1ZDA3OTQ1ZGU3NWZlMmU1M2ZjYTRkN2ZhNTk4ZGUxZDNiYWE0NGFiMGI1MGIx,/medias/5015488-SWPMATERIAL-FVPL-240x240.png?context=bWFzdGVyfGltYWdlc3wxOTkzNnxpbWFnZS9wbmd8aW1hZ2VzL2hjMi9oZmUvODkyNzU1MzQ4Njg3OC5wbmd8ZWI2MjM4MjgxOTZjNmRlODRjNWY0YjQ1YWQxYWI1Y2FjYmJiNWVkZWQwOGU1OTE5MDUwY2M5NDkzZGZhMWFmYg,/medias/5015488-SWPMATERIAL-LD-VEC.svg?context=bWFzdGVyfGltYWdlc3wxODk1NXxpbWFnZS9zdmcreG1sfGltYWdlcy9oYjEvaGE4Lzg5MTk5ODI0MDc3MTAuc3ZnfGRiYmY1M2ZiZjI2NmQwNmM3MTgwNjkyMzMwMDZmMjU1YjllMGUwMjM2MTY1Y2EwNDgwMmE2NzdiOTczZDlhOGM,30.00 mm,Crystal Luminous Green C/Unfoiled,Fancy Stones,Crystal Luminous Green C,Cosmic Ring Fancy Stone
5153928,12,12,5153928,Infinity Pendant,/Infinity-Pendant-5153928/p,2 sizes & 2 colors/effects,2 colors/effects,/medias/5153928-SWPMATERIAL-FVPL-120x120.png?context=bWFzdGVyfGltYWdlc3w0Mjc0fGltYWdlL3BuZ3xpbWFnZXMvaDZlL2gxZC84OTI4ODU5MDI5NTM0LnBuZ3w0YTQ4YjdjYTUxNDZhN2Q3YmI2NTdlOWZjYTM3YTAzZTdlZGVkNGFiMjc2YmQyYTYwOTRiMmIzOGRhYjU3OGEw,/medias/5153928-SWPMATERIAL-FVPL-240x240.png?context=bWFzdGVyfGltYWdlc3w5MzcwfGltYWdlL3BuZ3xpbWFnZXMvaDdlL2hiYi84OTI4ODU5MDk1MDcwLnBuZ3wxMDNhMWY1OTI1ZDA3ZDcwNzIwY2FkYjk0NGJlYmIxMjU4MjM4NTU2NTQ5MjAyNGIyYTJkYWE5ODYyOGQyMDI4,/medias/5153928-SWPMATERIAL-LD-VEC.svg?context=bWFzdGVyfGltYWdlc3w4MDAzOXxpbWFnZS9zdmcreG1sfGltYWdlcy9oMDgvaDU4Lzg5MjAyOTkyMDg3MzQuc3ZnfDQ1YjRiNWIwMTYwZDkwNWMxNWU5MTBhZTI4OTc0NGZjZWYwNDU0YzQ2MDE5MDFlZjc1ZWEzYzg4MmJkNjY0MTM,26.00 mm,Crystal Paradise Shine/1 Hole,Pendants,Crystal Paradise Shine,Infinity Pendant